<?xml version="1.0" encoding="UTF-8"?>
<Configuration status="WARN">
    <Appenders>
        <Console name="Console" target="SYSTEM_OUT">
            <PatternLayout pattern="[%-5level] %d{yyyy-MM-dd HH:mm:ss.SSS} - %msg%n"/>
        </Console>
        <Routing name="RoutingAppender">
            <Routes pattern="$${ctx:logFilename}">
                <Route>
                    <RollingFile name="Rolling-${ctx:logFilename}"
                                 fileName="logs/${ctx:logFilename}.log"
                                 filePattern="logs/$${date:yyyy-MM}/app-%d{MM-dd-yyyy}-%i.log.gz"
                                 append="true">
                        <PatternLayout pattern="[%-5level] %d{yyyy-MM-dd HH:mm:ss.SSS} - %msg%n"/>
                        <SizeBasedTriggeringPolicy size="10 MB"/>
                    </RollingFile>
                </Route>

                <!-- By having this set to ${ctx:logFileName} it will match when filename
                    is not set in the context -->
                <Route key="${ctx:logFilename}">
                    <RollingFile name="Rolling-Default" fileName="logs/main.log"
                                 filePattern="logs/$${date:yyyy-MM}/app-%d{MM-dd-yyyy}-%i.log.gz"
                                 append="true">
                        <PatternLayout pattern="[%-5level] %d{yyyy-MM-dd HH:mm:ss.SSS} - %msg%n"/>
                        <SizeBasedTriggeringPolicy size="10 MB"/>
                    </RollingFile>
                </Route>
            </Routes>
        </Routing>
    </Appenders>
    <Loggers>
        <!-- Set WebDriverManager logs to WARN level -->
        <Logger name="io.github.bonigarcia" level="WARN" additivity="false">
            <AppenderRef ref="Console"/>
            <AppenderRef ref="RoutingAppender"/>
        </Logger>

        <!-- Set Selenium logs to WARN level -->
        <Logger name="org.openqa.selenium" level="WARN" additivity="false">
            <AppenderRef ref="Console"/>
            <AppenderRef ref="RoutingAppender"/>
        </Logger>

        <!-- Set root logger to INFO level -->
        <Root level="INFO">
            <AppenderRef ref="RoutingAppender"/>
            <AppenderRef ref="Console"/>
        </Root>
    </Loggers>
</Configuration>